Date,BTC,ETH,BCH,LTC,XRP,XEM,XLM,BAT,OMG,XTZ,QTUM,ENJ,DOT,ATOM,MKR,DAI,XYM,MONA,FCR,ADA,LINK,DOGE,SOL,FLR,ASTR,FIL,SAND,CHZ,NAC,AVAX
2025/01/01,14866449,527205,70585,16636,362.1145,3.799,67.093,38.125,53.13171,215.356,494.102,39.797,1115,1039,237293,157.206,2.897,44.863,0.279,144.459,3423,51.058,30482,4.34503,9.637,810.845,89.904,13.52,1958.699,5909
2025/01/02,15330847.5,544025.5,72287,16525,375.5025,3.999,67.307,38.688,52.82388,215.82,503.184,38.801,1128,1050,243842,157.608,2.949,45,0.27,151.169,3473,53.129,32580,4.37906,9.741,826.763,92.169,13.8,1980,6151
2025/01/03,15460228,566598.5,74491,17944,385.022,4.05,70.504,40.856,56.52684,225.885,541.386,41.65,1207,1158,252545,157.341,3.04,45.966,0.269,175.482,3701,59.295,33987,4.46074,10.14,888.541,100.26,14.625,1990,6521
2025/01/04,15503841,575907,75084,17470,382.8685,4.147,71.05,40.632,56.78808,223.648,541.155,40.201,1213,1152,252296,157.303,2.997,46,0.27,169.571,3737,60.909,34042,4.41186,10.3,887.917,102.878,14.496,2008.999,6676
2025/01/05,15455810.5,571782,73984,17766,377.1415,4.28,69.062,42.763,56.24254,225.626,542.138,40.601,1194,1144,246960,157.303,2.918,45.81,0.272,171.256,3667,59.972,33505,4.2574,10.328,903.639,100.608,14.441,1974.058,6665
2025/01/06,16098495,580888,75792,17929,381.6695,4.59,70.993,44.209,57.22163,229.167,564.743,41.999,1230,1185,256285,157.624,3.022,45.63,0.272,174.417,3765,61.289,34463,4.24924,10.68,949.759,111.355,15.022,1952.286,6966
2025/01/07,15250777,536084,69438,16280,359.3875,4.05,66.226,40.188,51.62896,209.587,510.017,41,1119,1085,238770,157.88,2.832,46.242,0.269,158.81,3385,55.591,32232,3.95431,9.746,853.144,99.088,13.525,1969.999,6283
2025/01/08,14923408,521057.5,68296,15894,368.2125,4.042,64.792,38.96,49.42483,206.169,482.476,40.511,1055,1012,232997,158.352,2.797,46.88,0.26,146.398,3194,53.276,30994,3.81033,9.58,799.9,91.309,12.844,1969.988,5871
2025/01/09,14558702.5,505948,65924,16117,360.589,4.14,62.042,37.994,48.16092,198.628,495.093,39.999,1034,1001,230219,158.16,2.7,45.7,0.259,142.044,3078,50.232,29274,3.60404,9.36,788.4705,91.056,12.771,1911.1,5703
2025/01/10,14975312,515209,70592,16674,372.316,4.206,66.723,40.343,50.64401,203.104,526.127,38.53,1064,1043,232453,157.907,2.825,44.968,0.263,147.26,3204,52.585,29578,3.69488,9.86,817.529,94.026,13.249,1990,5778
2025/01/11,14942433,520860.5,69707,16356,409.1865,4.21,71.532,39.902,50.14322,202.928,524.626,39.599,1071,1054,229500,157.801,2.746,44.251,0.264,155.795,3223,54.143,30020,3.97888,9.7,827.899,95.395,13.256,1975,5893
2025/01/12,14946035,517704.5,71807,16310,400.74,4.298,67.345,39.181,48.87141,199.541,503.687,39.999,1053,1021,227168,157.8,2.718,45.5,0.256,154.766,3149,53.367,29856,3.86335,9.48,806.724,92.722,12.88,1969.999,5799
2025/01/13,14784199,487688,66556,15332,395.762,3.976,65.915,37.027,46.57136,192.796,482.746,38.998,1002,984,211351,157.648,2.579,44.55,0.255,147.445,3008,52.575,28613,3.71636,9.018,774.253,86.389,12.252,1952.001,5476
2025/01/14,15274822.5,509502.5,69140.5,16056,418.7365,4.15,67.444,38.742,49.06126,200.125,503.603,38.795,1047,985,217864,157.986,2.639,45.501,0.258,157.34,3207,56.289,29558,3.8312,9.394,821.888,90.274,12.691,1926.848,5748
2025/01/15,15599839,537673.5,70223,16541,464.989,4.099,74.618,39.953,51.50862,208.2505,519.159,38.782,1094,1021,222621,156.69,2.652,46.086,0.261,165.255,3388,58.706,31727,3.96136,9.871,864.693,95.454,13.4305,1909.999,6136
2025/01/16,15598281,518113.5,72600,19792,511.055,4.099,77.2605,40.268,52.66334,213.461,528.257,38.483,1130,1042,221442,155.323,2.689,45.288,0.259,174.529,3647,59.6,33094,4.41293,9.681,889.005,97.908,13.433,1855,6223
2025/01/17,16376187.5,549457.5,77300,21398,510.8555,4.29,76.069,41.417,73.10879,221.92,550.4505,37.701,1179,1098,228911,156.335,2.751,46.29,0.259,180.691,3887,65.188,34422,4.63233,9.951,922.48,105.877,14.101,1815.622,6492
2025/01/18,16267193,510650,72329,19321,502.2085,3.99,74.2,37.865,61.68908,205.593,510.079,37.75,1078,1011,212478,156.303,2.59,46.292,0.256,165.943,3695,61.223,38802,4.86252,9.124,837.865,95.952,12.856,1693.141,6044
2025/01/19,16633378.5,528210,71719,19306,498.532,3.901,73.328,38.261,58.91437,205.539,505.442,36.95,1055,1000,211775,156.298,2.495,47.46,0.252,166.559,4105,61.388,43470,4.49159,9.106,843.458,94.556,12.903,1698.549,6026
2025/01/20,16168213,517145,67868,18677,491.278,3.7,69.84,36.451,52.65493,194.555,475.702,34.899,1003,953,201922,155.636,2.518,45.84,0.255,159.691,3972,56.543,38140,4.16694,8.55,799.9505,89.689,11.998,1679.999,5667
2025/01/21,16553659.5,516152.5,70239,18728,497.99,3.875,70.32,37.749,53.71506,190.779,486.362,37,1049,977,202259,155.563,2.338,44.99,0.249,156.841,4084,59.578,39401,4.56409,8.676,820.6705,91.543,12.193,1609.943,5771
2025/01/22,16356831.5,510209,68725,18245,504.3735,3.808,67.876,36.5305,51.78694,186.893,463.372,35.897,1018,982,197134,156.608,2.208,43.01,0.249,155.794,3968,56.244,41984,4.48301,8.5,787.873,88.522,12.039,1550,5797
2025/01/23,16148827.5,507143,67839,18051,483.8915,3.84,66.563,35.522,51.05396,180.571,453.408,36.579,982,939,194547,156.068,2.162,43,0.257,153.083,3932,54.673,39124,4.16914,8.26,783.587,85.991,11.581,1500.048,5491
2025/01/24,16375103,519706,67296,18195,484.647,3.77,67.353,35.362,51.97246,179.902,450.842,34.6,986,972,199153,155.984,2.141,44.5,0.255,151.652,3953,54.95,40111,4.15489,8.32,783.684,86.904,11.433,1528.897,5550
2025/01/25,16388996.5,520971.5,70073,19533,487.1775,3.8,65.548,35.812,50.87884,181.519,459.787,34.977,992,971,192947,155.999,2.155,43.91,0.26,153.169,3927,55.733,40258,4.07506,8.335,784.072,87.056,11.536,1505,5762
2025/01/26,16379512,519735.5,67932,19020,487.986,3.813,65.856,36.777,51.08313,180.696,462.985,34.284,1004,986,191709,156.003,2.16,44,0.253,154.393,4080,54.77,39537,4.02397,8.408,793.839,86.686,11.707,1509.999,5859
2025/01/27,15718333,487224,65490,17571,465.0455,3.536,62.079,34.835,47.6629,170.398,438.731,33.584,917,919,187508,154.597,2.097,41.4,0.254,144.109,3697,51.102,36237,3.74088,7.848,715.24,80.159,10.724,1461.003,5278
2025/01/28,15795379.5,482075,64370,17245,479.0505,3.56,61.61,32.8305,44.6862,164.499,429.439,32.999,888,896,177324,155.514,2.074,41.62,0.258,142.784,3565,49.88,35438,3.76327,7.7,690.951,78.088,10.202,1649.999,5061
2025/01/29,16215670,487895.5,64964,17750,481.754,3.593,62.189,33.737,46.57304,167.425,436.645,32.098,901,920,173442,155.376,2.052,41.997,0.256,147.725,3737,51.272,36435,3.74166,7.717,711.538,81.459,10.386,1600.021,5186
2025/01/30,16218067,499161.5,67008,19589,481.7175,3.726,66.823,34.544,46.07066,169.066,444.482,32.897,946,952,167751,154.265,2.056,41.99,0.254,148.356,3792,51.073,36830,4.16448,7.729,740.718,82.572,11.261,1690,5291
2025/01/31,15783322.5,514418,65176,19858,468.219,3.6,63.867,34.486,45.03797,169.013,516.027,33.2,966,964,177451,155.087,2.162,42,0.255,146.22,3833,50.601,35651,3.9246,7.809,742.041,81.88,11.186,1650.003,5335
2025/02/01,15747709,491393,63287,18696,454.629,3.61,62.049,33.161,42.37016,160.606,595.076,32.001,936,921,168894,155.207,2.267,45.664,0.255,141.621,3625,48.635,33900,3.6723,7.464,688.983,76.536,10.445,1170,5071
2025/02/02,15213906,458540.5,56838,17084,409.6495,3.311,56.1,29.592,38.68919,139.855,483.776,31.488,806,789,162296,155.316,2.081,42.501,0.232,125.822,3205,42.41,31508,3.3238,6.591,578.133,65.491,9.126,1010,4381
2025/02/03,15732126.5,420033,52779,16140,414.794,3.19,55.953,28.874,37.48131,140.534,465.047,30.998,780,738,148534,154.713,2.2,41.99,0.238,121.118,3282,42.897,32776,3.40826,6.244,531.892,64.774,9.356,1058.999,4250
2025/02/04,15269887.5,422647.5,51119,15621,393.42,3.04,53.264,27.903,36.80501,135.458,533.643,30.6,727,718,142194,154.246,2.176,40,0.234,115.26,3084,40.564,31826,3.26761,6.07,504.987,62.362,8.971,1048,4093
2025/02/05,14887630,422360.5,50235,15924,369.97,2.93,50.158,27.248,41.68581,132.924,493.5305,30.689,721,727,139990,152.688,2.18,40.96,0.238,113.212,2955,39.29,30320,3.05616,6.08,498.658,59.833,8.681,1037.99,3963
2025/02/06,14721984.5,413233,48631,15466,357.2,2.921,48.767,25.978,42.81768,127.721,505.1505,30.498,694,678,137404,151.633,2.11,40.2,0.237,109.109,2871,37.952,29266,2.97095,5.727,480.975,57.002,8.327,1050,3795
2025/02/07,14514111.5,392146.5,47709,15261,357.2795,2.982,49.177,25.685,40.22039,124.618,466.584,29.149,684,652,136953,151.468,2.25,39.94,0.238,105.407,2736,36.855,28716,3.40837,5.703,474.121,55.433,8.223,1072.998,3617
2025/02/08,14630743,399565.5,48913,15881,367.695,2.99,50.109,26.992,39.82013,132.412,454.774,28.65,710,688,140537,151.403,2.22,38.99,0.238,106.116,2763,38.167,29921,3.25087,5.93,500.971,58.38,8.744,1049.85,3711
2025/02/09,14602108.5,399599.5,49425,16130,365.7205,3.062,47.843,26.685,38.63005,133.805,429.908,28.999,721,695,135359,151.405,2.16,39.969,0.242,103.489,2815,38.054,30206,3.16397,5.954,501.7705,57.414,8.827,1032,3775
2025/02/10,14828339.5,408280,50066,18262,370.321,3.176,47.907,28.095,39.10771,135.477,460.889,29.875,740,733,147928,151.939,2.157,38.01,0.236,107.393,2866,38.825,30562,3.20607,6.212,520.746,60.603,9.033,1029,3889
2025/02/11,14569118,396782,50284,18316,368.527,3.03,48.613,27.184,38.91621,131.573,503.679,29.11,731,715,144601,152.559,2.142,39.8,0.237,118.542,2837,38.498,30007,3.1324,5.992,505.117,59.105,8.845,1006,3861
2025/02/12,15004438.5,414074.5,52369,18896,379.214,3.217,50.187,29.185,40.42853,139.227,512.766,29.799,817,773,155500,154.434,2.168,39.6,0.238,122.227,2907,40.665,30058,3.18342,6.318,530.799,61.975,9.8305,1035.998,4043
2025/02/13,14730929.5,405797,51141,19248,378.5915,3.34,50.736,28.325,39.21909,135.88,505.545,29.996,787,762,150582,152.881,2.198,39.161,0.241,123.37,2818,39.389,29713,3.26341,6.2,518.952,59.792,9.279,1068.979,3882
2025/02/14,14834035.5,416015.5,52155,19313,418.8205,3.361,53.248,28.873,40.51917,139.072,515.606,30,796,754,152382,152.501,2.188,40.599,0.242,122.65,2939,41.64,30653,3.27445,6.182,538.752,61.858,9.433,1062,3996
2025/02/15,14869058,409519.5,50638,19879,416.359,3.35,52.807,28.004,38.99487,134.347,498.4105,30.201,767,736,151400,152.317,2.172,39.501,0.248,118.657,2869,41.179,29439,3.26245,6.057,518.248,60.258,8.964,1029.9,3895
2025/02/16,14772077,407120.5,49862,19179,418.806,3.41,52.507,28.156,41.24452,135.209,488.371,31.25,744,726,151885,152.315,2.169,39.752,0.25,117.58,2861,40.433,28696,3.24721,6.083,516.499,59.588,8.979,1014,3784
2025/02/17,14540831,414188.5,48859,18326,403.241,3.408,50.59,27.847,39.15372,134.722,502.447,30.5,740,732,157648,151.394,2.197,40.992,0.252,121.175,2888,38.938,27027,3.14366,6.03,516.991,59.382,9.062,1020.1,3772
2025/02/18,14329816.5,400199.5,47627,19257,380.845,3.65,48.425,26.224,37.53301,127.963,466.828,28.699,711,682,164948,152.02,2.155,40,0.242,112.887,2659,37.505,25006,3.02757,5.705,481.455,53.606,8.282,1011.7,3503
2025/02/19,14595342.5,412489,48674,20593,404.0555,3.5,50.515,26.715,38.07505,131.574,489.403,28.6,738,706,174684,151.457,2.198,40,0.242,114.89,2706,38.06,25292,3.05837,6.06,498.337,54.707,8.134,1009.9,3581
2025/02/20,14766218,412072.5,48640,19327,403.9825,3.478,51.522,28.051,38.51439,133.946,488.694,24.215,754,742,217541,149.663,2.205,41,0.239,120.598,2741,38.037,26139,3.02917,6.23,524.017,55.954,8.036,999.99,3766
2025/02/21,14189271,393035.5,46510,18823,377.108,3.41,48.025,26.519,36.94816,129.113,454.734,32.5,750.5,708,217343,149.113,2.231,38.092,0.24,112.612,2576,35.542,25240,2.97483,6.387,487.562,51.617,7.499,1002.1,3591
2025/02/22,14448089,414258,48172,18937,385.4485,3.388,50.159,27.458,37.89732,132.93,456.56,31.454,755,737,228208,149.276,2.226,38.806,0.233,115.778,2658,36.788,25744,2.99997,6.79,510.918,53.285,7.8305,1024.897,3854
2025/02/23,14313102,419282.5,48602,19168,381.7085,3.33,49.375,27.373,37.76683,129.219,446.303,32.699,738,725,224363,149.291,2.209,39.294,0.236,114.564,2616,36.066,25037,2.92959,6.44,508.281,51.989,7.7105,1010.99,3683
2025/02/24,14084147.5,395751,45871,18323,363.0125,3.17,47.006,25.717,36.69328,120.463,418.5105,30,693,684,210080,149.727,2.15,37.93,0.226,107.248,2409,33.338,22576,2.73284,5.998,476.815,48.491,7.449,1009,3442
2025/02/25,13134244,371592,43499,17122,342.6935,2.949,43.422,24.921,35.12372,116.6,394.303,30.479,701,669,242041,148.947,2.044,36.6,0.249,101.098,2273,31.334,21528,2.56114,5.85,467.244,45.99,7.44,1009.999,3283
2025/02/26,12580679,348759.5,44122,18851,330.261,3.012,42.902,24.4,34.94566,113.783,380.309,28.481,717,687,247357,149.017,2.016,41.111,0.258,97.408,2270,30.304,20158,2.48602,5.84,466.564,45.783,7.474,1004.999,3234
2025/02/27,12505086.5,337619,43669,18722,324.5475,3.101,41.778,24.474,35.02715,111.577,379.386,27.996,730,674,248979,149.686,2.063,40.49,0.314,94.708,2228,30.323,20428,2.51669,5.72,475.449,46.253,7.455,980.002,3311
2025/02/28,12689692.5,334040,48002,19144,322.263,3,42.843,25.337,34.62666,115.211,384.308,27.798,707,693,235066,150.479,2.047,36.512,0.288,94.983,2211,30.22,21938,2.53429,5.736,490.638,48.266,7.698,962.001,3308
2025/03/01,12905386,335454,46651,18756,327.1125,2.985,45.772,24.731,34.53578,113.028,373.611,28.745,700,673,250588,150.627,2.075,39.2,0.293,97.573,2234,30.688,21170,2.53093,5.618,482.678,47.08,7.478,970.102,3261
2025/03/02,14247345,378485,50319,19122,431.798,3.088,52.131,27.207,36.78326,128.588,409.409,30.5,770,733,239068,150.607,2.091,38.998,0.304,155.326,2573,35.105,26465,2.80951,5.975,537.298,54.683,8.122,1001,3719
2025/03/03,12875307.5,318122,48366,16235,360.203,2.86,44.298,23.397,32.72606,111.616,354,28.689,673,633,202169,149.416,2.013,37.236,0.3,130.636,2209,29.752,21571,2.66025,5.14,454.696,45.419,6.96,989.9,3175
2025/03/04,12969484.5,319441.5,46517,15125,364.028,2.969,43.818,22.953,32.10853,108.257,346,26.74,639,615,203644,149.103,2.05,36.59,0.29,135.236,2137,29.373,21170,2.50195,5.02,444.887,44.457,7.037,949.699,2965
2025/03/05,13507456.5,332688.5,58205,15614,373.2365,3.01,44.718,24.169,32.96327,114.923,350,28.5,674,646,204869,148.884,2.044,36.629,0.3,146.779,2432,30.462,21675,2.54872,5.17,469.0905,46.822,7.288,990.003,3231
2025/03/06,13188337.5,325511,58137,15211,384.449,2.968,44.018,23.724,32.39941,113.425,345.583,28.4,650,632,189984,147.815,2.004,37.2,0.297,134.165,2499,29.645,21302,2.45101,4.961,454.045,45.879,7.095,999.498,3121
2025/03/07,12897478,319594,58507,15634,365.6215,2.95,42.93,24.112,36.81833,114.288,352,28.4,669,646,194454,147.971,2.002,36.55,0.301,124.703,2434,30.318,21444,2.44069,4.985,465.478,46.265,7.206,987.029,3058
2025/03/08,12792880.5,327910.5,57537,15398,347.449,2.99,41.361,23.396,32.98207,110.502,337.999,27.597,641,610.5,198819,148.033,1.996,36.69,0.29,120.325,2283,28.715,20375,2.53285,4.83,464.134,44.644,7.046,962.05,3074
2025/03/09,12310047.5,303235,54110,14322,324.9555,2.948,39.913,22.147,30.97773,102.383,311.025,26.599,602,566,180419,148.028,1.932,36.05,0.281,109.334,2067,25.362,18999,2.30498,4.51,416.879,40.414,6.498,996.984,2715
2025/03/10,11697229.5,275451.5,50121,12950,305.3925,2.781,36.365,21.421,28.875,96.01,301.329,24.501,576,541,164744,147.259,1.88,35,0.28,101.105,1880,23.147,17474,2.10561,4.38,392.076,38.925,6.134,973,2460
2025/03/11,12263831,286598.5,50898,13508,324.363,2.929,38.006,21.927,30.28862,100.471,318.029,25.899,603,584,170076,147.764,1.939,35.7,0.264,107.225,1975,24.58,18699,2.2916,4.526,410.447,41.54,6.495,998.889,2607
2025/03/12,12346737,280658.5,52845,13563,330.7175,2.83,38.014,21.874,30.1345,101.921,320,25.3,585,579,167194,148.251,1.949,35.069,0.311,108.137,1983,25.212,18549,2.20721,4.591,411.948,41.706,6.516,999,2757
2025/03/13,11906199.5,272691,48134,12801,328.7055,2.87,39.374,20.841,29.16196,98.031,303.19,25.746,574,565,166279,147.817,1.877,34.1,0.301,102.236,1886,23.992,17948,2.07498,4.42,397.012,39.493,6.231,998.988,2654
2025/03/14,12531006.5,286486,48497,13606,349.3105,2.904,40.707,22.234,30.31515,105.141,319.446,24.62,623,628,176763,148.636,1.9,34.5,0.298,109.358,2053,25.342,19958,2.26459,4.649,428.709,42.471,6.518,988,2804
2025/03/15,12566116,289242.5,51326,13831,358.626,2.917,40.99,22.364,35.23506,105.873,324.006,24.7,650,700,178665,148.635,1.886,34.988,0.283,111.875,2098,26.184,20136,2.32372,4.77,439.488,42.719,6.889,990.9,2834
2025/03/16,12394220.5,281849.5,49820,13466,343.6665,2.843,39.499,21.589,33.71601,101.666,319.393,24.751,646,692,177017,148.633,1.838,34.121,0.287,104.474,2006,25.148,18898,2.24604,4.62,423.833,40.522,6.577,988.9,2736
2025/03/17,12556300.5,289124.5,50380,13831,350.7295,2.898,40.902,22.754,33.40614,106.123,330.226,25.7,658,695,179004,149.206,1.848,34.1,0.264,107.191,2105,25.896,19216,2.2563,4.818,454.277,43.179,6.827,982.9,2807
2025/03/18,12267803,284834,50047,13127,337.558,2.902,40.004,22.64,33.73791,103.463,327.647,25.679,656,689,183356,149.252,1.822,35.299,0.283,103.591,2036,24.807,18512,2.21434,4.7,428.616,41.824,6.665,982,2780
2025/03/19,12714248,302846,50861,13766,370.576,2.925,42.474,23.376,34.17749,107.509,339.999,25,671,699,191394,148.676,1.864,34.987,0.273,108.312,2177,25.877,19921,2.26108,4.934,451.955,44.134,6.892,985.001,2895
2025/03/20,12589750.5,294598.5,49912,13809,363.8435,2.897,42.182,22.843,32.90859,105.487,332,25,651,716,185558,148.779,1.857,34.93,0.29,107.256,2114,25.224,19045,2.20076,4.84,456.374,42.819,6.74,967.999,2791
2025/03/21,12586709.5,295058,48897,13788,358.8725,2.865,41.738,22.125,32.11523,102.59,320.001,24.999,684,691,183690,149.314,1.812,34.401,0.273,106.494,2103,25.211,19179,2.18627,4.774,437.376,42.371,6.719,923,2857
2025/03/22,12545001.5,297862.5,48327,13630,354.3805,2.888,41.456,22.558,32.47406,104.774,325.934,25.317,669,738,185869,149.236,1.832,35.05,0.289,105.101,2148,25.142,19283,2.18995,4.939,448.731,42.314,6.921,975,2932
2025/03/23,12715593,297501,48251,13632,358.6855,2.919,41.989,22.02,32.97292,102.445,322,25.395,669,709,182987,149.249,1.839,34.4,0.283,104.576,2135,25.504,19511,2.15688,4.886,446.896,42.14,6.727,946.799,2907
2025/03/24,13264373,314476,50425,14317,370.619,2.995,43.607,23.362,33.7716,108.283,335.62,25,705,740,192319,150.648,1.835,35.3,0.285,110.816,2290,28.009,21381,2.22336,5.094,471.246,45.23,7.201,974.999,3211
2025/03/25,13208468.5,309894.5,50288,13975,367.959,2.95,43.616,23.826,33.66334,109.189,337.9,25.701,697,725,191405,149.828,1.835,36.1,0.306,111.871,2314,28.496,21676,2.18622,5.22,470.198,45.808,7.233,963,3499
2025/03/26,13161718,303002.5,50880,13960,358.841,2.901,43.195,23.308,33.54855,108.607,340,25.376,709,744,204876,150.559,1.821,35.012,0.291,110.188,2294,29.625,20775,2.19596,5.079,462.1,46.981,7.212,955.997,3340
2025/03/27,13206589.5,303419,48698,13990,353.4875,2.976,43.241,23.241,33.73481,109.868,332,29.089,700,729,221165,151.017,1.834,35.8,0.298,111.265,2347,28.871,21016,2.13985,5.137,457.444,47.416,7.183,950,3331
2025/03/28,12576108.5,281365.5,45770,12918,325.9955,2.747,40.733,21.136,31.76709,100.73,306,29.936,638,678,214015,149.652,1.8,35.95,0.293,104.605,2106,26.616,19220,2.04605,4.71,417.641,41.615,6.466,947.998,2969
2025/03/29,12378697,272522,44846,12676,315.518,2.652,39.611,20.033,31.27855,96.856,289.701,28.14,602,630.5,195063,149.711,1.77,31,0.29,99.836,2013,25.074,18576,1.95583,4.507,405.673,39.742,6.1905,941.78,2941
2025/03/30,12376095.5,271992,44955,12928,320.5075,2.55,40.056,20.355,31.83785,98.157,298,29.699,609,647,192519,149.682,1.78,34.3,0.3,99.763,2030,25.271,18781,2.04168,4.547,414.228,40.508,6.316,939.2,2855
2025/03/31,12373118.5,273049.5,45560,12499,312.882,2.361,39.604,20.417,31.43997,97.669,288.1,29.998,604,656,197092,149.96,1.782,33.987,0.299,98.426,2028,24.838,18800,2.05269,4.42,415.034,40.605,6.308,927.999,2804
2025/04/01,12769674,286404,46343,12659,320.303,2.38,40.883,20.848,31.37667,99.013,300,30,623,658,206940,149.444,1.77,34.088,0.3,101.813,2125,25.852,18914,2.03894,4.4,424.487,41.384,6.56,892,2921
2025/04/02,12806081,281002.5,45604,12842,317.742,2.3,40.144,20.398,30.78391,101.032,286,29.945,617,665,202478,149.114,1.75,33.101,0.291,101.537,2049,25.699,19112,1.97106,4.279,421.966,40.867,6.3,891.997,2886
2025/04/03,12044208,262897,43247,12071,300.384,2.145,37.689,19.313,29.25029,94.288,275.499,29.39,589,672,182432,146.068,1.696,33.598,0.284,94.327,1863,23.266,16974,1.9199,3.87,397.105,38.183,5.967,879.999,2637
2025/04/04,12386813,267416.5,44096,12416,314.566,2.233,38.196,19.717,29.75322,96.175,282,27,595,735,199977,146.961,1.403,32.859,0.278,97.307,1915,25.062,18131,1.94551,3.971,408.545,38.894,6.195,855.111,2673
2025/04/05,12216169,263052.5,44205,12067,313.0705,2.32,36.836,19.326,29.57683,95.852,280,27.617,579,706,196013,146.962,1.306,31.035,0.27,95.21,1864,24.676,17518,1.90216,3.882,395.576,38.153,6.062,849.999,2618
2025/04/06,11584559.5,231097,39687,10425,285.5805,2.1,34.391,17.473,27.57264,85.813,270,28.752,540,655,171725,146.898,1.252,30.3,0.275,84.003,1658,21.921,15640,1.78583,3.428,347.259,33.873,5.519,847.699,2352
2025/04/07,11680073.5,232386.5,41099,10583,285.63,2.116,34.803,17.5505,27.00822,88.286,261.211,26.249,534,652,180219,147.863,1.275,30,0.27,86.988,1704,22.142,15869,1.75325,3.478,353.028,35.647,5.744,842,2496
2025/04/08,11283174.5,216741,39770,10201,268.038,2.075,32.918,16.725,26.4052,84.558,251.617,25.702,501,619,180430,146.307,1.279,30.012,0.268,82.411,1613,20.997,15488,1.65926,3.3,334.146,34.091,5.259,819.9,2363
2025/04/09,12310787.5,247529.5,45493,11473,306.289,2.248,36.008,18.815,28.92118,89.364,284,26.689,551,672,207618,147.743,1.35,32.5,0.266,94.609,1885,24.042,17746,2.38069,3.67,370.185,38.537,5.807,826.1,2749
2025/04/10,11554755.5,221266,42257,10595,287.223,2.337,33.231,17.522,27.5558,78.616,273.43,29.398,500,621,186060,144.439,1.236,33,0.267,87.496,1745,22.401,16296,2.08963,3.492,339.198,36.985,5.525,860,2652
2025/04/11,12050533,225772,44765,11027,293.7795,2.31,33.854,18.368,28.11753,78.565,281.988,27.68,513,611,191599,143.526,1.292,31.733,0.267,90.379,1833,23.092,17452,2.12509,3.666,352.191,37.602,5.649,842,2762
2025/04/12,12292089,236857,50010,11330,309.4405,2.379,35.279,18.853,29.13928,79.04,289.998,27.69,533,621,201575,143.539,1.378,34.4,0.277,94.46,1896,24.122,19058,2.30902,3.854,367.916,38.977,5.777,878.999,2915
2025/04/13,11999831,228393.5,49101,11160.5,303.3275,2.22,34.333,17.834,27.97657,72.1505,289.802,27.699,531,591,193823,143.57,1.509,32.988,0.268,91.517,1807,23.348,18190,2.56698,3.763,357.322,36.979,5.404,874,2806
2025/04/14,12154576,234115,46348,11017,307.2735,2.215,34.117,17.695,26.82918,70.837,283.941,27,532,597,198572,143.035,1.527,30.6,0.276,90.831,1830,22.81,18627,2.36514,3.792,362.807,37.202,5.366,876,2909
2025/04/15,12057679,228699,46372,10811,302.1875,2.13,34.094,17.417,26.87519,70.471,280,29.1,511,577,194681,143.219,1.547,30.998,0.275,88.442,1768,22.197,18294,2.22028,3.7,345.855,35.687,5.134,895.051,2759
2025/04/16,11980858,223550,45407,10590,297.461,2.23,33.493,17.321,26.14361,70.24,282,29.049,506,575,189292,141.866,1.499,30.959,0.274,86.848,1744,22.024,18683,2.06281,3.61,340.713,34.759,5.001,923.1,2672
2025/04/17,12146611,225984.5,48265,10773,295.55,2.525,34.35,17.873,26.04035,70.584,282,28.75,520,595,192188,142.456,1.521,30.699,0.279,88.64,1795,22.368,19220,2.0966,3.633,341.431,35.611,5.0505,927.5,2729
2025/04/18,12028742,226774,48754,10849,295.433,2.449,34.228,18.32,26.24204,70.761,300.002,28.75,525,592,193388,142.212,1.511,30.99,0.273,89.279,1794,22.486,19064,2.27303,3.765,351.119,36.955,5.207,929.2,2725
2025/04/19,12121959,229664,47560,10802,297.0025,2.499,35.336,18.876,27.5337,71.036,305.177,29.043,540,598,196116,142.193,1.497,30.8,0.275,89.446,1842,22.342,19738,2.27743,3.894,368.664,38.2305,5.349,934.99,2883
2025/04/20,12110272,226130,47777,11038,296.128,2.41,34.819,18.918,27.07961,70.353,298.687,28.969,556,591,192598,142.206,1.441,30.201,0.27,88.327,1908,22.189,19520,2.30056,3.873,378.734,38.3105,5.354,904.02,2784
2025/04/21,12320423,222435.5,48521,10983,293.7655,2.33,35.737,18.914,26.72705,70.504,301.996,28,540,581,189180,140.862,1.527,30.7,0.266,87.768,1848,22.318,19325,2.28424,3.839,370.174,38.587,5.268,909.998,2821
2025/04/22,12928523.5,240450,50204,11749,305.6105,2.41,36.974,19.752,28.21422,74.089,300.101,28.802,553,602,200395,141.577,1.603,31.239,0.27,92.726,1953,24.457,20471,2.31289,3.954,374.006,40.466,5.514,937,3054
2025/04/23,13455407.5,257878,51493,11922,318.3435,2.559,38.48,20.161,28.97126,76.892,316.041,29,587,631,208377,143.473,1.595,40,0.271,100.574,2152,25.774,21669,2.41023,4.121,399.5505,42.6705,5.854,943.65,3210
2025/04/24,13354696,251772.5,49952,11906,314.5085,2.479,39.859,20.523,28.98951,78.24,319.999,28.99,606,651,213449,142.66,1.586,36,0.272,102.818,2136,25.808,21584,2.35108,4.125,405.028,42.8505,5.856,935,3173
2025/04/25,13680265.5,259016,54423,12458,315.799,2.536,41.055,21.585,29.50008,80.894,333.957,28.679,614,655,216651,143.686,1.59,35.988,0.27,102.521,2159,26.048,21823,2.40274,4.235,409.384,44.436,6.057,945,3217
2025/04/26,13542475.5,259820.5,51059,12534,314.416,3.674,41.533,21.718,30.70772,81.021,325.53,28.594,612,662,218063,143.683,1.697,35.202,0.28,101.068,2128,25.905,21334,2.37496,4.282,409.333,44.316,6.124,944,3175
2025/04/27,13561917,259239.5,50030,12429,328.4215,3.05,41.394,20.908,29.84115,79.292,316.001,27.003,592,634,213968,143.693,1.602,35.415,0.287,102.453,2111,26.078,21391,2.36929,4.192,390.849,42.631,5.942,945,3167
2025/04/28,13442115,253909.5,49932,12107,325.1195,2.938,40.036,21.775,29.60225,78.319,318.384,27.051,601,636,212516,142.012,1.642,34.5,0.283,99.217,2109,25.294,20883,2.64636,4.138,394.702,42.745,6,879.9,3107
2025/04/29,13522696,257749,52433,12309,324.534,2.878,39.722,21.416,29.76311,80.068,317.24,27.765,597,632,218178,142.341,1.608,34.839,0.286,100.289,2103,25.242,21152,2.56843,4.21,394.392,42.734,5.914,898.5,3101
2025/04/30,13547709,256964.5,52325,12027,314.5855,2.84,38.811,21.753,29.25502,78.753,309.999,28.999,589,618,211316,143.041,1.608,34.699,0.285,97.878,2047,24.817,21033,2.54235,4.162,397.7305,42.471,5.915,913.9,3016
2025/05/01,14051885,267868,52702,13128,322.6685,2.841,40.015,22.423,30.01335,82.319,320.426,28.498,610,651,227017,145.383,1.626,34.411,0.282,102.685,2167,26.265,21859,2.6094,4.318,412.016,44.127,6.171,919.989,3150
2025/05/02,14094405,268060.5,55010,12740,321.3615,2.89,39.575,22.065,30.20172,81.891,324,28.749,602,634,226340,144.968,1.622,35.02,0.289,100.948,2144,26.311,21509,2.61895,4.24,404.267,43.425,6.14,891.003,3066
2025/05/03,13984241.5,266826.5,53082,12611,318.0675,2.832,39.442,21.235,29.30589,80.5705,315.122,28.677,589,616,221032,144.98,1.601,34.501,0.276,102.637,2088,25.635,21391,2.69221,4.071,385.377,41.151,5.893,900,3017
2025/05/04,13886075,266307.5,51856,12580,316.762,2.709,38.93,20.363,28.66253,78.7705,302,28.299,575,595,223408,144.982,1.581,33.61,0.272,99.826,2051,25.044,21314,2.88558,3.962,382.94,40.184,5.689,899.9,2923
2025/05/05,13557898.5,260149,50524,11857,305.5315,2.712,37.073,20.191,27.74012,76.659,302,28.748,563,586,220752,143.71,1.515,33.012,0.281,94.676,1953,24.354,20920,2.72536,3.912,373.947,39.211,5.626,895.001,2806
2025/05/06,13510654,253144,50941,12039,303.266,2.475,36.803,19.108,,74.156,290.672,28.489,556,575,204111,142.451,1.494,32.259,0.279,94.328,1922,23.973,20515,,3.744,360.068,37.717,5.42,896.001,2793
2025/05/07,13943458.5,258835.5,51532,12749,304.698,2.549,37.158,19.703,27.67349,76.593,301.998,27.601,563,594,213942,143.837,1.515,33.078,0.279,95.158,1964,24.505,21055,2.74931,3.803,365.952,38.915,5.564,899,2785
2025/05/08,14988325,319214.5,61566,13791,337.466,2.732,42.18,22.288,29.76916,86.9105,343.4,28.449,648,663,248484,145.93,1.609,34.289,0.281,110.93,2311,28.496,23766,2.87311,4.344,424.2505,46.178,6.4305,892,3199
2025/05/09,15009786,340434,59361,14531,343.0775,2.782,42.973,23.279,30.57968,91.537,356.001,27.782,697,720,252715,145.378,1.682,33,0.289,113.712,2336,29.947,25151,2.96385,4.544,436.867,48.1305,6.6505,896.166,3373
2025/05/10,15013134,362360,61177,15104,352.3905,2.826,44.863,24.053,31.93928,95.571,367.999,28.29,741,755,268226,145.384,1.709,34,0.293,118.739,2452,34.371,25109,2.93517,4.723,457.835,51.392,6.949,885,3629
2025/05/11,15169393,365271.5,59517,14521,345.338,2.778,44.756,23.899,31.47318,96.967,367.286,27.739,741,770,265742,145.432,1.78,35.004,0.289,117.274,2466,33.576,25077,2.86932,4.69,457.767,51.975,6.949,883.2,3585
2025/05/12,15262166,369251.5,61141,15175,375.7385,2.824,46.611,24.184,31.36601,100.292,376.04,29.199,755,778,267889,148.464,1.82,35.405,0.279,121.141,2467,33.941,25580,2.95721,4.99,464.574,53.1105,7.134,885.3,3675
2025/05/13,15449483.5,397158,61055,15439,381.017,2.868,46.604,25.073,32.10407,102.745,381.001,28.5,768,787,279028,147.466,1.853,34.739,0.286,122.768,2597,35.307,27016,2.98762,5.106,477.012,53.804,7.359,888.55,3822
2025/05/14,15224377.5,382140.5,59457,14865,376.1535,2.861,44.899,23.416,31.26909,98.694,368.445,28.999,734,750,272538,146.747,1.904,33.726,0.286,117.496,2496,34.245,25956,2.93283,4.903,449.967,52.035,7.029,899.8,3688
2025/05/15,15097324.5,370265.5,57568,14454,355.146,2.75,42.907,22.391,29.88839,93.209,353.724,29,698,710,261370,145.674,1.774,33,0.284,111.441,2338,32.219,24719,2.82584,4.532,427.025,46.828,6.531,893.9,3407
2025/05/16,15128477.5,375031,58054,14494,350.8535,2.752,42.861,22.114,29.70269,93.599,346.001,28.7,700,708,267174,145.635,1.832,34,0.287,111.489,2318,32.67,24712,2.8986,4.552,424.753,46.772,6.489,908.9,3388
2025/05/17,15080400.5,363027,57449,14194,344.115,2.704,41.884,21.213,29.38811,89.773,337.693,27.811,680,693,253926,145.632,1.778,33.4,0.297,109.47,2247,31.655,24407,2.77844,4.445,409.215,44.349,6.253,900,3281
2025/05/18,15180538.5,349022,57802,14198,345.8925,2.68,41.665,21.332,29.48709,89.037,334.023,28.549,673,691,244542,145.611,1.814,33.56,0.291,107.218,2227,32.478,24362,2.79602,4.421,409.437,44.973,6.302,904.8,3219
2025/05/19,15304211,365765.5,56879,14359,346.6145,2.107,41.544,21.411,29.57202,88.894,329.122,27.712,665,695,249567,144.864,1.828,33.3,0.281,107.628,2285,32.566,24045,2.78645,4.376,415.894,44.988,6.306,900.1,3222
2025/05/20,15476159,363826.5,56685,13626,340.5835,1.95,41.43,21.526,29.77489,89.566,325,28.47,674,695,249000,144.495,1.828,32.082,0.28,107.387,2267,32.704,24356,2.74256,4.36,412.966,45.236,6.367,903.799,3258
2025/05/21,15583202,361074.5,58240,13823,342.859,1.778,41.671,21.222,29.91232,90.172,324.99,16.15,680,712,248050,143.678,1.269,29.499,0.271,109.571,2289,33.003,24398,2.74914,4.36,418.914,45.213,6.443,903,3268
2025/05/22,16008382.5,380814,62905,14345,349.0045,1.737,43.563,22.655,30.29417,94.364,338.594,16.011,706,746,251312,144.011,1.406,28.998,0.27,115.264,2401,34.557,25714,2.80524,4.519,440.855,47.977,6.735,919.9,3593
2025/05/23,15456398.5,362982,61702,13840,331.819,1.644,41.257,21.228,28.95087,89.687,326,16.051,663,704,233908,142.541,1.343,28.42,0.27,109.063,2261,32.911,25265,2.66078,4.282,414.039,45.267,6.355,902.051,3378
2025/05/24,15558844.5,364320.5,60790,13748,335.3275,1.594,41.005,20.768,28.82054,88.649,315.693,15.151,655,676,236985,142.551,1.298,28.997,0.273,107.264,2202,32.427,25353,2.66671,4.314,406.437,43.831,6.248,918.8,3281
2025/05/25,15366083,359969,58884,13453,329.2915,1.422,40.383,20.055,27.84033,86.011,307.353,15.929,631,676,231244,142.535,1.191,29.008,0.276,106.419,2151,31.336,24519,2.66365,4.149,394.286,42.753,6.068,902.003,3199
2025/05/26,15683090.5,367096,59624,13606,331.351,1.429,40.816,20.121,28.47828,87.272,317.201,15.56,640,686,233039,142.83,1.239,27.012,0.269,108.228,2233,32.36,25056,2.64307,4.168,399.908,43.648,6.208,916.9,3304
2025/05/27,15834695,385615.5,60275,13990,336.488,1.426,41.742,21.073,29.29949,90.341,323.247,15.658,660,692,243982,144.327,1.201,26.1,0.27,110.304,2305,32.884,25701,2.69919,4.265,419.411,45.035,6.403,916,3397
2025/05/28,15561740.5,381993,59315,13680,326.621,1.386,40.702,20.2,28.51196,90.147,311.594,15.675,649,683,242881,144.824,1.134,25.101,0.28,107.142,2242,31.752,24742,2.65761,4.156,403.971,43.487,6.237,926.8,3347
2025/05/29,15344450,381847.5,59102,13524,327.886,1.38,40.445,19.917,28.51374,89.099,309.996,15.266,639,673,240476,144.176,1.169,23.7,0.302,105.162,2191,31.381,24124,2.59618,4.126,399.276,42.868,6.151,915,3269
2025/05/30,15094803,372001,58637,12697,315.6165,1.23,39.058,18.972,26.59375,84.021,299.627,14.701,598,635,229151,144.069,1.092,24.89,0.303,101.893,2042,28.731,23048,2.54101,3.905,370.664,40.22,5.685,944,3056
2025/05/31,15117701.5,366784,60157,12629,316.326,1.116,38.357,18.786,30.00142,82.556,288.79,14.116,591,629,227869,144.055,1.134,25.023,0.298,99.474,2036,28.037,22689,2.49025,3.78,376.722,39.407,5.641,944.798,3026
2025/06/01,15137744.5,364133.5,58310,12661,310.901,0.973,38.279,18.401,31.02186,82.041,289.999,14.43,580,625,229828,144.053,1.08,24.987,0.305,97.553,2011,27.569,22439,2.65075,3.8,368.609,39.452,5.691,920.01,2980
2025/06/02,14994778,362912,57000,12686,311.029,1.02,38.328,18.945,33.53752,81.622,288,14.364,583,625,239480,142.702,1.105,26,0.287,97.251,1971,27.422,22032,2.67307,3.801,368.691,39.617,5.673,939,2955
2025/06/03,15252512.5,377193,58054,12947,324.8645,1.28,39.381,19.476,33.59668,84.4305,298.53,13.601,598,638,272367,143.936,1.194,25.6,0.287,98.313,2042,28.017,22721,2.63874,3.923,378.952,40.7905,5.778,925.011,3059
2025/06/04,14963465,372561,57244,12570,314.692,1.139,38.013,18.837,30.97777,81.802,294,14.2,572,610,254025,142.812,1.158,26,0.286,95.291,1969,26.906,22071,2.54178,3.93,366.579,38.985,5.561,930,2885
2025/06/05,14457722,344682.5,54388,11798,295.958,0.982,36.281,17.727,28.17987,76.6905,276.001,14.4,539,580,243704,143.527,1.17,25.988,0.288,89.011,1820,24.251,20354,2.48833,3.672,334.018,36.1705,5.2,940,2654
2025/06/06,15181659.5,362808,57745,12697,315.594,1.11,38.263,18.689,29.68112,80.9,289.474,13.789,565,618,248889,144.819,1.157,25.013,0.283,96.53,1968,26.034,21646,2.62278,3.837,351.705,39.302,5.426,949.6,2828
2025/06/07,15360211.5,365762.5,58975,12798,316.127,1.066,38.404,19.223,30.13875,82.184,294.021,13.706,583,623,255442,144.833,1.109,25.2,0.287,96.491,1998,26.682,21865,2.60289,3.949,363.028,39.988,5.509,942,3018
2025/06/08,15375601.5,366808.5,60148,12730,330.481,1.02,39.049,19.496,30.34405,83.659,301,14,588,621,256158,144.824,1.065,24.3,0.284,97.891,2015,26.892,22349,2.67426,3.959,361.933,40.5505,5.585,945.01,3090
2025/06/09,15717866.5,374535,60961,12829,333.3385,1,39.067,19.554,29.90846,83.778,302.159,13.996,591,632,272555,144.572,1.06,25.5,0.279,99.259,2033,27.034,22639,2.64851,3.983,364.529,40.808,5.5905,950,3079
2025/06/10,15921137.5,401787,63413,13382,333.001,1.017,40.487,20.584,30.33114,89.495,323.553,13.279,617,667,305741,144.845,1.09,25.399,0.28,102.831,2212,28.277,23989,2.68205,4.08,392.572,43.256,5.8,960.1,3224
2025/06/11,15760760.5,407141,61699,13319,331.913,0.99,40.416,20.058,29.82549,89.393,316,13.601,612,655,301953,144.517,1.094,24.012,0.265,101.901,2194,28.307,23594,2.73682,4.035,391.06,42.446,5.747,962.222,3144
2025/06/12,15251639,379524.5,61107,12416,313.8055,0.89,38.542,18.64,26.57789,84.597,300.104,14.797,565,610,290117,143.491,1.06,23.991,0.26,94.962,2002,26.04,22001,2.60018,3.701,358.765,39.179,5.344,966,2914
2025/06/13,15239139.5,367848,63381,12356,309.0875,0.8,37.41,18.426,25.68702,81.489,294.837,14.201,550,592,293775,144.076,1.034,24.3,0.26,91.947,1908,25.667,21237,2.59847,3.64,350.111,38.277,5.246,980,2771
2025/06/14,15141082.5,362068.5,61053,12235,306.984,0.734,36.669,17.925,29.17085,80.401,288,13.671,539,585,300070,144.1005,1.041,24.188,0.253,89.181,1882,25.474,20601,2.63297,3.585,346.541,37.8505,5.174,971.001,2726
2025/06/15,15106230,360838.5,66441,12286,309.465,0.739,36.839,17.898,27.24655,79.317,286,13.999,541,580,298079,144.101,1.035,23.622,0.258,89.788,1880,24.863,21454,2.58985,3.62,343.152,37.241,5.153,956.001,2715
2025/06/16,15767263.5,386887,68114,12843,335.785,0.72,38.895,18.916,27.86376,84.149,302.005,12.504,577,621,325395,144.732,1.014,23.6,0.255,94.931,2048,26.033,22772,2.69084,3.799,370.712,40.174,5.464,956.005,2886
2025/06/17,15187398,365249.5,68472,12242,315.162,0.65,36.891,17.984,26.21384,78.799,293.892,13,542,591,291675,145.229,1.005,23.316,0.257,89.255,1892,24.64,21605,2.55341,3.611,349.989,37.423,5.1505,962.7,2713
2025/06/18,15237187,367442.5,67149,12389,315.6555,0.582,36.554,17.962,26.81157,78.484,288,12.4,532,587,290624,145.097,0.864,22.46,0.248,87.861,1900.5,24.763,21407,2.52505,3.596,348.022,37.317,5.143,943.95,2700
2025/06/19,15188170,365061,72007,12368,315.166,0.689,36.35,17.831,26.71756,77.165,270.04,12.201,517,587,275874,145.459,0.897,22.654,0.261,87.218,1897,24.693,21151,2.5766,3.573,340.356,36.833,5.071,939.9,2625
2025/06/20,15171609.5,354998.5,70082,12175,311.803,0.94,35.667,17.877,26.96898,75.868,280,12.3,504,579,273023,146.067,0.947,21.25,0.252,85.013,1850,23.925,20596,2.54209,3.515,331.591,36.584,5.0705,949,2566
2025/06/21,15046241,351697.5,69719,11939,305.5335,0.873,35.003,17.188,26.076,74.151,272,12.8,493,559,263220,146.084,0.981,21.841,0.251,83.108,1797,23.19,20237,2.46514,3.417,327.883,35.264,4.917,930.001,2497
2025/06/22,14562267.5,320016.5,64748,11466,288.0125,0.75,32.699,16.225,26.82753,71.221,258,11.13,454,533,247675,146.119,0.902,21.52,0.245,77.201,1654,21.652,18933,2.28855,3.12,297.531,33.245,4.624,949,2347
2025/06/23,15186398.5,343471,66305,12218,303.682,0.643,34.819,17.478,27.29116,76.057,280,11.961,486,584,293880,146.158,0.967,21,0.245,81.849,1811,23.236,20556,2.44865,3.289,321.348,36.536,5.021,948.999,2563
2025/06/24,15393924,355403.5,66161,12348,321.23,0.75,36.06,18.065,27.12215,77.298,284,12.999,502,592,293065,144.925,0.983,21.1,0.234,85.154,1945,23.956,21034,2.51194,3.435,334.156,37.135,5.152,945,2636
2025/06/25,15661585,354695,71024,12338,319.145,0.731,35.318,17.927,26.86858,77.467,229.3,12.001,495,587,277837,145.236,0.978,20.33,0.232,83.245,1926,24.182,21087,2.51844,3.4,329.734,36.437,5.137,940,2579
2025/06/26,15582398,353495,71358,12316,308.7095,0.65,34.27,17.596,26.72543,76.169,266.5,12,483,573,269028,144.381,0.975,20.061,0.229,80.916,1904,23.437,20658,2.466,3.287,321.895,35.113,4.982,959.989,2524
2025/06/27,15527666.5,351380,73224,12258,305.443,0.635,34.043,17.632,26.65595,76.328,266.002,11.77,484,565,272983,144.644,0.936,19.881,0.225,80.442,1882,23.238,20676,2.49588,3.271,316.729,34.249,4.969,964.7,2527
2025/06/28,15525713,351839,71243,12431,315.5955,0.67286,34.397,18.19101,26.87445,76.709,281.38205,9.36582,492,575,276398,144.641,1.00302,20.02847,0.222,81.462,1930,23.608,21722,2.55718,3.319,326.355,34.648,5.085,950.01,2587
2025/06/29,15545717,352119,71728,12538,315.755,0.65287,34.054,18.51695,26.77149,77.408,285.06778,9.48565,494,585,287956,144.637,1.00529,20.17474,0.226,80.741,1927,23.713,21829,2.50287,3.32,330.858,34.489,5.115,962,2606
2025/06/30,15505693.5,360857,74130,12461,330.783,0.59884,34.675,18.60248,26.75026,77.595,284.40806,9.53654,494,598,282119,144.034,1.01519,20.94093,0.225,84.186,1952,24.043,22563,2.49917,3.34,334.699,35.006,5.092,950.002,2609
2025/07/01,15213713,346749.5,73357,11962,311.5755,0.42765,32.296,17.40861,26.33285,74.428,270.15849,9.11988,471,567,265997,143.414,1.00002,20.67273,0.22,77.683,1850,22.721,21012,2.45916,3.145,317.054,33.26,4.8705,939.9,2451
2025/07/02,15709243.5,372521.5,72644,12623,323.9855,0.43993,34.299,18.83995,26.80072,79.441,298.02541,9.97697,515,607,281537,143.672,1.03553,20.79138,0.219,85.68,1973,24.593,21967,2.49194,3.385,347.765,36.681,5.301,927.2,2675
2025/07/03,15933421,376826.5,72372,12995,330.06,0.27622,35.386,18.85673,26.92075,80.133,297.4867,9.95489,516,610,283837,144.928,1.04305,20.54073,0.237,86.885,1997,25,22151,2.45128,3.442,347.543,37.22,5.312,923.01,2702
2025/07/04,15571803,359983,70603,12510,320.926,0.23588,34.442,17.91372,25.84864,76.356,280.22877,9.26536,483,576,267164,144.501,1.06226,20.0719,0.228,82.411,1886,23.5005,21227,2.40114,3.293,324.361,34.839,5.008,930,2555
2025/07/05,15650358,362595.5,70254,12635,319.849,0.2621,34.211,17.83402,26.43931,75.634,280.19118,9.27974,484,578,265191,144.497,1.0654,19.66314,0.225,83.12,1907,23.737,21278,2.40557,3.256,325.044,34.737,5.043,933.9,2586
2025/07/06,15710679.5,368037,71726,12656,328.1285,0.2452,35.625,18.27835,26.08833,76.531,286.75674,9.51636,489,589,271113,144.499,1.04303,20.53002,0.229,84.408,1942,24.632,21889,2.39195,3.217,329.747,35.468,5.173,930,2632
2025/07/07,15766115,370259,72079,12537,331.136,0.25111,36.173,18.37231,26.16031,75.429,287.03196,9.44237,490,589,273197,146.031,1.07107,20.36824,0.232,84.275,1946,24.379,21674,2.38201,3.181,330.819,35.361,5.117,930,2614
2025/07/08,15930892,381198.5,72973,12757,336.7925,0.28661,37.436,18.88139,26.45039,78.145,293.92874,9.72594,503,607,280380,146.563,1.06781,19.95802,0.244,85.843,2023,24.902,21998,2.32814,3.206,338.645,36.5305,5.239,933.8,2673
2025/07/09,16202692,400832.5,74123,13259,350.355,0.28575,41.982,19.64732,26.31061,82.106,311.71678,10.17286,529,633,283199,146.379,1.05021,20.41967,0.243,90.765,2074,26.6,22837,2.34608,3.275,357.341,39.154,5.495,930,2819
2025/07/10,16597840,412524,74666,13626,365.9395,0.29835,43.941,20.14957,26.89527,84.306,316.1526,10.63661,547,652,288121,146.253,1.07189,21.01199,0.249,96.094,2163,27.407,23474,2.42271,3.412,369.847,40.469,5.668,921,2917
2025/07/11,17320979,438265.5,78704,14132,406.2195,0.32172,54.23,21.58594,28.24367,89.788,332.19562,11.48957,588,694,285127,147.416,1.22259,25.67254,0.257,106.401,2291,30.384,23992,2.52093,3.701,385.663,43.159,6.007,922.01,3100.5
2025/07/12,17218080,429667,74104,13551,394.685,0.30031,55.698,21.4254,26.97261,89.405,327.70785,10.93297,565,668,274121,147.401,1.18856,27.291,0.249,102.566,2190,28.616,23431,2.47549,3.568,368.48,41.498,5.756,938.5,3010
2025/07/13,17524716.5,440668.5,75076,14165,419.0825,0.30655,69.716,22.42319,27.31978,95.307,342.58877,11.68729,595,699,278448,147.363,1.205,26.31687,0.249,109.778,2337,29.611,23961,2.56139,3.748,382.789,47.125,6.082,924.03,3166
2025/07/14,17736327,443643,74332,14058,431.757,0.30076,65.881,22.34158,27.46227,93.894,334.03562,11.52989,584,673,271577,147.732,1.26089,27.78337,0.242,108.272,2336,29.199,24084,2.57254,3.671,378.111,45.375,5.938,939.3,3147
2025/07/15,17344832.5,453015,72696,14177,426.5845,0.31012,65.915,22.45495,27.82698,95.371,337.59206,11.58796,590,681,275331,148.869,1.2299,26.87097,0.235,108.051,2335,28.778,23928,2.54698,3.733,383.226,45.355,6.005,941.799,3213
2025/07/16,17764053.5,500495,74505,14598,452.957,0.34183,68.98,23.37024,27.50649,97.951,351.50593,12.15601,622,713,287256,147.86,1.26709,26.84213,0.237,114.62,2496,31.311,25841,2.66787,3.879,399.026,47.515,6.314,928,3371
2025/07/17,17763810,508781.5,73231,15036,499.545,0.33051,69.693,22.94226,27.24948,96.214,341.25542,11.75182,614,706,276706,148.672,1.2719,27.44017,0.248,118.87,2529,31.439,25796,3.09052,3.731,394.564,46.865,6.2105,926.01,3347
2025/07/18,17483188,523732.5,76021,15114,507.9765,0.34414,68.51,23.69126,27.39869,102.966,353.20125,12.13727,626,723,297972,148.839,1.31999,27.43595,0.24,120.64,2619,34.51,26109,2.97025,3.84,407.143,47.812,6.292,924.8,3477
2025/07/19,17543262.5,530608,76659,16579,508.6765,0.34032,68.662,24.36371,27.4869,152.181,369.04656,12.43205,658,741,298526,148.839,1.28387,26.96564,0.24,123.44,2736,35.854,26430,2.97352,3.92,417.138,48.693,6.483,917,3699
2025/07/20,17580607.5,556824.5,81360,17421,521.958,0.351,70.067,25.219,27.76606,162.951,385.64795,13.36896,671,774,304524,148.773,1.34041,27.24489,0.234,129.608,2882,40.316,26983,3.08606,4.076,434.682,51.752,6.808,915,3743
2025/07/21,17241282.5,553960,76445,16998,519.506,0.34772,69.273,24.7464,27.81706,148.385,373.14011,13.34427,655,757,305171,147.358,1.29594,26.97576,0.236,129.759,2843,39.366,28591,3.00506,4.119,423.736,50.508,6.737,910.5,3709
2025/07/22,17576928.5,544011,75976,17162,519.626,0.46511,69.234,24.77456,27.33094,138.7505,366.88087,13.13516,651,740,299859,146.645,1.35902,26.60261,0.237,130.789,2849,38.619,29438,3.38995,4.099,420.807,49.401,6.716,910.026,3698
2025/07/23,17304915.5,523237.5,74233,16248,461.1685,0.50207,61.48,22.84811,27.55648,129.861,338.83268,11.90832,600,683,300283,146.494,1.35562,26.2931,0.234,118.199,2619,34.918,27376,3.31384,3.917,383.997,44.308,6.144,919.997,3465
2025/07/24,17471400,550003.5,76245,16842,475.428,0.43871,64.103,22.97553,28.73586,131.988,342.15113,11.79774,601,695,303354,147.033,1.43113,26.43705,0.236,121.353,2706,35.321,27775,3.52101,3.879,389.175,44.757,6.237,914.9,3555
2025/07/25,17316389.5,545017,81420,16661,461.3615,0.44964,63.423,22.8508,27.32086,130.152,337.22372,11.7217,600,689,319960,147.655,1.39401,25.24111,0.237,119.277,2670,34.339,27150,3.30051,3.796,386.895,44.497,6.192,911.5,3522
2025/07/26,17430994.5,553285.5,82536,16910,469.932,0.49561,64.832,24.30733,27.52153,132.782,345.37767,11.82823,616,708,334703,147.661,1.40195,24.82552,0.239,121.892,2723,35.027,27448,3.56032,3.86,395.146,45.964,6.317,913.11,3709
2025/07/27,17534322.5,564625.5,88130,16782,472.9575,0.48959,65.148,24.58714,27.25665,131.939,346.5819,11.96224,616,711,338744,147.661,1.40231,24.80757,0.244,122.129,2803,35.348,27641,3.70051,3.93,400.477,46.7305,6.475,929.999,3772
2025/07/28,17540298.5,562963.5,85345,16250,466.8295,0.45775,62.269,23.74234,29.88498,128.156,329.73717,11.39249,590,688,322920,148.505,1.40779,25.2706,0.251,117.692,2692,33.819,27359,3.57957,3.766,387.7,44.397,6.143,900,3762
2025/07/29,17461755,559629,83546,16069,462.843,0.41006,61.69,24.11576,28.16282,123.972,323.57196,10.8834,572,676,302368,148.462,1.37083,25.43212,0.26,114.997,2625,32.859,26729,3.61985,3.647,375.739,43.328,6.02,919.999,3578
2025/07/30,17530341,564255.5,84921,16428,462.4305,0.43192,60.928,25.0537,27.41099,123.081,323.75634,10.83188,564,658,303966,149.459,1.32441,24.6859,0.254,113.53,2621,32.547,26334,3.63971,3.637,369.996,42.635,6.034,910.01,3473
2025/07/31,17561470,563277.5,85038,16301,460.052,0.40522,61.295,24.02019,27.7076,119.613,324.95288,10.69261,563,647,300214,150.719,1.33463,25.32082,0.254,113.011,2586,32.16,26447,3.54392,3.613,367.123,42.433,5.959,907,3439
2025/08/01,16820362.5,522369,78984,15702,443.505,0.39587,57.613,22.06918,27.1301,112.574,301.71597,10.00073,530,617,282131,147.395,1.29596,24.79927,0.241,106.746,2403,30.3,24138,3.3443,3.388,342.924,39.351,5.599,900.5,3209
2025/08/02,16674192.5,505445,77772,15742,413.0015,0.35647,54.449,21.21824,26.41963,108.233,294.26196,9.76855,517,602,273718,147.383,1.25946,24.74886,0.248,103.312,2317,28.568,23439,3.24923,3.351,335.348,38.038,5.463,909.3,3099
2025/08/03,16885326.5,515725,80179,16132,430.8245,0.36311,58.622,21.37953,26.59796,111.977,302.13001,10.14975,531,628,278949,147.385,1.22749,24.96797,0.25,106.919,2397,29.305,23809,3.41507,3.414,344.2705,39.105,5.624,912,3153
2025/08/04,16898017.5,544837.5,82311,17549,448.8075,0.42251,60.913,22.3442,26.54258,115.127,309.47561,10.49246,543,632,287432,147.054,1.26372,25.18309,0.243,110.201,2500.5,30.387,24606,3.52118,3.484,354.891,40.248,5.8305,906.9,3322
2025/08/05,16794866,528347.5,80195,17677,433.596,0.40743,58.433,21.79852,26.69071,113.427,301.48839,10.10909,530,617,270065,147.593,1.2566,25.26611,0.248,106.446,2403,29.229,24000,3.35182,3.384,341.212,38.866,5.654,913,3199
2025/08/06,16970738,542021.5,83651,17582,441.155,0.41766,58.544,22.16701,26.74439,115.035,309.54983,10.35638,540,632,281575,147.363,1.26215,25.47329,0.249,109.06,2467,30.231,24763,3.4273,3.49,350.116,39.9,5.811,910,3266
2025/08/07,17266628.5,570480,85348,17952,457.6595,0.40255,61.196,22.18821,26.78754,117.447,312.98466,10.50123,560,650,295108,147.118,1.16365,25.46896,0.249,113.232,2720,32.059,25454,3.44063,3.585,362.185,41.351,5.963,900.011,3384
2025/08/08,17289124.5,599824.5,86790,18443,489.4125,0.39307,67.427,22.90663,27.40706,121.692,322.54714,10.85085,587,679,299694,147.733,1.17927,26.19448,0.247,117.693,2904,33.91,26335,3.49179,3.775,375.997,43.132,6.235,909.996,3511
